Portfolio,Excess Return,CAPM Alpha,CAPM Alpha t-stat,CAPM R²,Three Factor Alpha,Three Factor Alpha t-stat,Three Factor R²,Four Factor Alpha,Four Factor Alpha t-stat,Four Factor R²,Beta (Ex-Ante),Volatility,Sharpe Ratio
1,0.2690284303562206,0.26667656627113573,6.097696647645006,0.19855199703059012,0.1922584716834674,4.080863194074754,0.24692090728020677,0.1885841556589709,3.9447296233569347,0.24774838467252192,0.53132881,0.7179460248930535,1.2980666899768436
2,0.24659891445713908,0.24221834829658687,7.640146756037545,0.6205717616189703,0.14315670874368613,4.553019562070895,0.6978102208586141,0.14454304823199926,4.528642654746679,0.6979163474006167,0.80165257,0.7563989965592387,1.1293559374722026
3,0.1672799538231967,0.1623881932593654,5.342061256478692,0.689292471170333,0.0727200771925127,2.3793891390870607,0.7456833839213979,0.07224036927125854,2.328131591534901,0.7456947021962408,0.96141813,0.8014568201970393,0.723026797721479
4,0.15971239093196957,0.15285154833610615,4.325322274927233,0.7635360959898683,0.05769890905763892,1.6086779573858685,0.8027597633136379,0.07489590097013638,2.100760411489872,0.8109506881355383,1.13912295 ,1.0680199719530818,0.5180239751258631
5,0.2848149078533506,0.27812416197963125,2.7349863522342184,0.2705238692966203,0.11026247156190616,1.007933909885351,0.31644773650652436,0.14366222751008378,1.3044920556899202,0.3279582954122391,1.58048406,1.7498001304768076,0.5638517023319993
